player,team,opp,n_games,mean,low,high,exp_acc,news,points_score,combined,win_pct,mean_combined,slot
Jared Goff,DET,ARI,4,25.57233823529412,24.047722561703274,27.116710461705225,83.02455461653338,False,100.0,88.96596050074669,51.32,86.93041396929107,QB
Joe Burrow,CIN,MIA,4,21.709514987837544,20.257061496013062,23.18078992734046,83.82802607268174,False,84.89452465427964,84.20130057624101,14.84,82.61658177613073,QB
Trevor Lawrence,JAX,PHI,4,22.339698326034252,20.36858239315946,24.336356732804113,78.05311106097378,False,87.35884110590138,81.31011657669843,8.92,79.56264436109745,QB
Justin Herbert,LAC,DEN,4,17.16940236552968,16.042445200130295,18.31096307275935,87.45218211899503,False,67.14052585865231,80.34310242787507,2.6,79.08098206846131,QB
Matthew Stafford,LA,BUF,4,23.56957352941177,21.28632298733823,25.88241130498798,74.57772765614271,False,92.16823785351706,80.73440622522372,9.92,79.03451539221444,QB
Jacoby Brissett,ARI,DET,4,21.352750000000004,19.427717650594165,23.302727654606716,78.56621699829445,False,83.49940394003403,80.2928324279033,6.36,78.85842579334347,QB
Lamar Jackson,BAL,ATL,4,18.08581880566138,16.661992185769076,19.528095915280414,84.14676469606194,False,70.72414981865019,79.44884948896782,2.32,78.0728837079405,QB
Dak Prescott,DAL,TB,4,19.052219789194783,17.401399211903176,20.724432330702022,81.61935822047892,False,74.50323710680286,79.1287158306923,3.7199999999999998,77.89899544032994,QB
Jahmyr Gibbs,DET,ARI,4,24.13613919356728,19.936916715838166,24.774303707589535,67.62338735847119,False,100.0,78.95520178300627,28.199999999999996,77.57310584270309,RB
Kyren Williams,LA,BUF,4,20.19844114721997,16.881446360926937,20.702531696609906,74.4254904570198,False,83.68546843897562,77.66648275070433,19.0,76.70632540804768,RB
Cam Skattebo,NYG,WAS,4,14.767422846433423,12.929503825950677,15.046735196455158,85.82937853179723,False,61.18386510784297,77.20344883341323,8.92,76.47640628286774,RB
Aaron Jones,MIN,NO,4,13.417083333333332,11.841272253503305,13.656562598193439,87.85026866319392,False,55.58918609861691,76.55888976559197,5.28,75.76298329554294,RB
Jonathan Taylor,IND,PIT,4,19.725763389416056,16.258999430710418,20.25261466930672,73.27074847643598,False,81.72708663642995,76.23046683243388,15.52,75.259847866574,RB
Christian McCaffrey,SF,SEA,4,14.350063745198305,12.24001669641967,14.670731953798697,83.73123207545524,False,59.45467761067129,75.23443801278086,5.08,74.65141239664031,RB
Bijan Robinson,ATL,BAL,4,21.314627862895204,17.200879355194473,21.939802721133788,68.28240402958588,False,88.31001384254503,75.29206746412159,16.24,74.22679688552357,RB
Chase Brown,CIN,MIA,4,12.62443236008639,10.674523177826178,12.920764086324802,84.96591818723078,False,52.305102563590744,73.53463271895677,1.76,72.94897413158351,RB
Chris Olave,NO,MIN,4,12.383430129639256,10.661242043445593,12.778382890191816,83.79391955632329,False,68.01517359754203,78.27135847074985,21.959999999999997,78.42594428066383,WR
Amon-Ra St. Brown,DET,ARI,4,18.206863960848253,14.702546091477174,19.01051602850408,67.02377763118771,False,100.0,78.565455460272,34.2,78.29518437266817,WR
Tee Higgins,CIN,MIA,4,12.843123314355603,10.476025635303289,13.38597445258728,77.72521148398629,False,70.54000810888272,75.21039030270003,13.96,75.48679646126669,WR
Michael Wilson,ARI,DET,4,13.75652777777778,11.005276535591761,14.387477603633695,74.11026164385034,False,75.55682190716422,74.6165577360102,14.44,74.88630026899129,WR
Zay Flowers,BAL,ATL,3,11.917138813837727,9.569931921579805,12.271955124941796,80.01493850120812,True,65.4540992862041,74.91864477595672,6.16,74.85034608644733,WR
Rome Odunze,CHI,GB,4,9.869127251361553,8.25309649111418,10.23973474482541,84.79287790341856,False,54.205530796429116,74.08730641597225,3.5999999999999996,74.25097529351098,WR
Jameson Williams,DET,ARI,4,9.850110141670521,8.096886436009843,10.25218036150771,83.5018691410789,False,54.10108057517231,73.21159314301158,4.4799999999999995,73.60316553718187,WR
Quentin Johnston,LAC,DEN,4,8.214269050535464,6.880952151076473,8.520041221620783,87.45326303046079,False,45.11633122650499,72.63533689907626,1.2,72.72852217946073,WR
Trey McBride,ARI,DET,4,18.233455882352942,15.623674393998844,18.251404857091472,72.03265518191425,False,100.0,81.82122586824426,85.36,82.3978669369703,TE
Tyler Warren,IND,PIT,4,8.761154110395138,7.102700208460169,8.7725602558229,82.22741928882061,False,48.04988240805479,70.26528138055258,4.2,71.14968287517796,TE
Sam LaPorta,DET,ARI,4,11.116347553659708,8.39286378710888,11.135078524641285,70.8141812080892,False,60.966761459732645,67.36758429616441,6.08,68.57403249302087,TE
Mike Gesicki,CIN,MIA,3,7.930644055897078,5.957645479793638,7.944213506734117,78.85664690714125,False,43.4950132715799,66.48007513469479,1.28,67.43496647426826,TE
Cade Otton,TB,DAL,4,6.1669875585919005,4.635507342682967,6.177520432639239,83.58811437986942,False,33.82237354444998,66.17010508747262,0.36,67.00581505020507,TE
Tucker Kraft,GB,CHI,4,8.480034349506225,6.1052713587717715,8.49636696628694,74.55119682644951,False,46.50810249149497,64.73611380921542,1.7999999999999998,65.88889812306391,TE
Mark Andrews,BAL,ATL,4,6.561457431639662,4.6936435679559505,6.574303466453357,79.98384362263677,False,35.98581351761242,64.58453308587825,0.36,65.29425590441637,TE
Colby Parkinson,LA,BUF,3,5.920170460439122,4.212407442207796,5.9319157331412296,81.69900529543106,False,32.46872396893721,64.46840683115822,0.5599999999999999,65.2195489002966,TE
M.Gay,LV,NE,4,9.64375,8.11458584773469,10.546704736570295,77.48711827346048,False,92.33991621783363,82.68559755399107,20.16,79.18975722466844,K
S.Shrader,IND,PIT,4,10.44375,8.630831312622599,11.514258691535302,73.30958620217548,False,100.0,82.65123103141406,21.759999999999998,78.79131021245014,K
J.Myers,SEA,SF,4,7.94375,6.832446184062978,8.599962770147961,83.63900217424045,False,76.0622381807301,80.98713477651182,10.12,78.03191458462999,K
D.Stevens,WAS,NYG,4,8.14375,6.822524800410539,8.923919055282926,80.54846720777664,False,77.9772591262717,79.64854437924991,8.76,76.903261107023,K
E.Pineiro,SF,SEA,4,7.84375,6.532918080408272,8.617781936917604,80.70148065829022,False,75.10472770795931,78.7426171256744,6.6000000000000005,75.95552082966525,K
C.Santos,CHI,GB,4,8.74375,7.170498101027149,9.672738069653153,76.83804327013519,False,83.72232196289647,79.24754081260164,8.959999999999999,75.92164873552487,K
W.Reichard,MIN,NO,4,10.24375,8.159420813918821,11.474523627772811,69.31378728967314,False,98.08497905445842,79.38370440734799,14.64,75.91557544706565,K
A.Szmyt,CLE,NYJ,4,8.84375,7.155856975757257,9.840432402478603,75.15025710906473,False,84.67983243566727,78.48560847337562,9.0,75.41471988146083,K
LV,LV,NE,4,8.0100880598374,6.010378865093855,8.844516719823352,59.901104729244636,False,100.0,73.93571807400902,18.52,66.53460819575653,DEF
TB,TB,DAL,4,4.77953051712851,3.602910908149716,5.270504467848022,76.40599613284839,False,59.66888854934176,70.54800847862107,7.24,66.35102028437265,DEF
JAX,JAX,PHI,4,7.7384280028883765,5.785969608777473,8.553140084904495,60.84859494982675,False,96.60852596226592,73.36457080418046,14.52,66.1273163111353,DEF
DEN,DEN,LAC,4,6.669230675659686,4.94535425662633,7.388561213368127,65.43220375830276,False,83.26039146934257,71.67206945716669,13.28,65.9831087428143,DEF
WAS,WAS,NYG,4,5.9257444457129935,4.372837281818121,6.573733786991976,68.86054137576129,False,73.97851810674454,70.65183323160542,10.32,65.7047747512756,DEF
CIN,CIN,MIA,4,7.4287326388888895,5.498821252149074,8.23403641833941,61.30071573299799,False,92.74220936641846,72.30523850469515,14.680000000000001,65.3980581626234,DEF
LAC,LAC,DEN,4,6.338007821688488,4.521816669025086,7.095858990137823,63.581075181453,False,79.12532015056456,69.02156092064206,9.84,63.48520616206211,DEF
PIT,PIT,IND,4,7.608979404339132,5.3463934147271654,8.5530999796596,54.629803734955544,False,94.99245635626119,68.75673215241252,11.600000000000001,61.80384485864283,DEF
